{
  "engine": "faster-whisper",
  "model": "tiny.en",
  "audio_s": 11.0,
  "runs_s": [
    3.364182124962099,
    0.405951458029449,
    0.38316166697768494
  ],
  "cold_s": 3.364182124962099,
  "median_s": 0.405951458029449,
  "warm_median_s": 0.39455656250356697,
  "rtf_cold": 0.3058347386329181,
  "rtf_warm": 0.03586877840941518,
  "rss_mb": 364.34375,
  "transcript": "And so, my fellow Americans ask not what your country can do for you ask what you can do for your country.",
  "wer": 0.0
}
