{
  "engine": "faster-whisper",
  "model": "small.en",
  "fixture": "jfk",
  "audio_s": 11.0,
  "runs_s": [
    1.7658321249764413,
    1.607585082994774,
    1.6323990829987451
  ],
  "cold_s": 1.7658321249764413,
  "median_s": 1.6323990829987451,
  "warm_median_s": 1.6199920829967596,
  "rtf_cold": 0.16053019317967648,
  "rtf_warm": 0.14727200754515996,
  "rss_mb": 0.0,
  "transcript": "And so, my fellow Americans, ask not what your country can do for you. Ask what you can do for your country.",
  "wer": 0.0
}