{
  "engine": "whisper.cpp",
  "model": "tiny.en",
  "audio_s": 11.0,
  "runs_s": [
    1.0930769170518033,
    0.5870751250186004,
    0.587844124995172
  ],
  "cold_s": 1.0930769170518033,
  "median_s": 0.587844124995172,
  "warm_median_s": 0.5874596250068862,
  "rtf_cold": 0.09937062882289122,
  "rtf_warm": 0.05340542045517147,
  "rss_mb": 227.484375,
  "transcript": "And so my fellow Americans ask not what your country can do for you, ask what you can do for your country.",
  "wer": 0.0
}
