{
  "engine": "mlx-whisper",
  "model": "small.en",
  "audio_s": 11.0,
  "runs_s": [
    0.5815522500197403,
    0.3536345830070786,
    0.35828958300407976
  ],
  "cold_s": 0.5815522500197403,
  "median_s": 0.35828958300407976,
  "warm_median_s": 0.3559620830055792,
  "rtf_cold": 0.05286838636543094,
  "rtf_warm": 0.03236018936414356,
  "rss_mb": 612.734375,
  "transcript": "And so my fellow Americans, ask not what your country can do for you, ask what you can do for your country.",
  "wer": 0.0
}
