{
  "engine": "faster-whisper",
  "model": "base.en",
  "fixture": "jfk",
  "audio_s": 11.0,
  "runs_s": [
    0.6570616660173982,
    0.6557156670023687,
    0.5937841670238413
  ],
  "cold_s": 0.6570616660173982,
  "median_s": 0.6557156670023687,
  "warm_median_s": 0.624749917013105,
  "rtf_cold": 0.05973287872885438,
  "rtf_warm": 0.056795447001191365,
  "rss_mb": 0.0,
  "transcript": "And so my fellow Americans, ask not what your country can do for you, ask what you can do for your country.",
  "wer": 0.0
}