{
  "engine": "whisper.cpp",
  "model": "small.en",
  "audio_s": 11.0,
  "runs_s": [
    1.094541999977082,
    1.0923058749758638,
    1.0851503749727271
  ],
  "cold_s": 1.094541999977082,
  "median_s": 1.0923058749758638,
  "warm_median_s": 1.0887281249742955,
  "rtf_cold": 0.09950381817973473,
  "rtf_warm": 0.09897528408857231,
  "rss_mb": 473.1875,
  "transcript": "And so, my fellow Americans, ask not what your country can do for you. Ask what you can do for your country.",
  "wer": 0.0
}
